{
    "input_preprocessing_analysis": {
        "mean": 0.8921199872757642,
        "std": 0.12173956274777026,
        "median": 0.8779266845012899,
        "max": 1.2958396839967463,
        "min": 0.6940716550016077,
        "kurtosis": -0.07516908500184583,
        "iqr": 0.16056330150240683
    },
    "model_inference_analysis": {
        "mean": 11.90682885832528,
        "std": 2.3283917111164705,
        "median": 11.624455996498,
        "max": 18.58729333500378,
        "min": 7.861604333011201,
        "kurtosis": -0.4922238643941532,
        "iqr": 3.634121473747655
    }
}